code,term
7311000001104,Sulfasalazine 500mg tablets (A A H Pharmaceuticals Ltd)
236111000001102,Sulfasalazine 500mg tablets (Mylan)
236511000001106,Sulfasalazine 500mg tablets (Kent Pharmaceuticals Ltd)
245311000001106,Sulfasalazine 500mg tablets (Actavis UK Ltd)
681011000001104,Sulfasalazine 500mg tablets (Alliance Healthcare (Distribution) Ltd)
7036811000001101,Sulfasalazine 500mg tablets (IVAX Pharmaceuticals UK Ltd)
10649711000001102,Sulfasalazine 500mg tablets (Teva UK Ltd)
11427611000001108,Sulfasalazine 500mg tablets (Almus Pharmaceuticals Ltd)
13725511000001102,Sulfasalazine 500mg tablets (Ranbaxy (UK) Ltd)
17802411000001105,Sulfasalazine 500mg tablets (Phoenix Healthcare Distribution Ltd)
20327211000001107,Sulfasalazine 500mg tablets (Genesis Pharmaceuticals Ltd)
21903411000001108,Sulfasalazine 500mg tablets (Waymade Healthcare Plc)
28917711000001101,Sulfasalazine 500mg tablets (Crescent Pharma Ltd)
30118011000001101,Sulfasalazine 500mg tablets (DE Pharmaceuticals)
140911000001101,Sulfasalazine 500mg gastro-resistant tablets (A A H Pharmaceuticals Ltd)
180711000001106,Sulfasalazine 500mg gastro-resistant tablets (Kent Pharmaceuticals Ltd)
215611000001109,Sulfasalazine 500mg gastro-resistant tablets (Actavis UK Ltd)
422811000001105,Sulfasalazine 500mg gastro-resistant tablets (Alliance Healthcare (Distribution) Ltd)
9104011000001107,Sulfasalazine 500mg gastro-resistant tablets (Mylan)
15177111000001102,Sulfasalazine 500mg gastro-resistant tablets (Sigma Pharmaceuticals Plc)
17801611000001102,Sulfasalazine 500mg gastro-resistant tablets (Phoenix Healthcare Distribution Ltd)
21299311000001104,Sulfasalazine 500mg gastro-resistant tablets (Teva UK Ltd)
21902411000001104,Sulfasalazine 500mg gastro-resistant tablets (Waymade Healthcare Plc)
30117711000001100,Sulfasalazine 500mg gastro-resistant tablets (DE Pharmaceuticals)
30916611000001109,Sulfasalazine 500mg gastro-resistant tablets (Mawdsley-Brooks & Company Ltd)
37150811000001109,Sulfasalazine 500mg gastro-resistant tablets (Genesis Pharmaceuticals Ltd)
20143911000001101,Sulfasalazine 250mg/5ml oral suspension (Special Order)
13389711000001100,Sulfasalazine 500mg/5ml oral suspension (Special Order)
13389111000001101,Sulfasalazine 125mg/5ml oral suspension (Special Order)
13389411000001106,Sulfasalazine 200mg/5ml oral suspension (Special Order)
13388811000001101,Sulfasalazine 100mg/5ml oral suspension (Special Order)
16223911000001109,Sulfasalazine 250mg/5ml oral suspension sugar free (Rosemont Pharmaceuticals Ltd)
16641711000001106,Sulfasalazine 250mg/5ml oral suspension sugar free (Alliance Healthcare (Distribution) Ltd)
16733811000001106,Sulfasalazine 250mg/5ml oral suspension sugar free (A A H Pharmaceuticals Ltd)
21903111000001103,Sulfasalazine 250mg/5ml oral suspension sugar free (Waymade Healthcare Plc)
37816511000001105,Sulfasalazine 250mg/5ml oral suspension sugar free (DE Pharmaceuticals)
189511000001109,Salazopyrin 500mg tablets (Pfizer Ltd)
198211000001102,Salazopyrin EN-Tabs 500mg (Pfizer Ltd)
51611000001107,Salazopyrin 500mg suppositories (Pfizer Ltd)
426911000001101,Salazopyrin 3g/100ml enema (Pfizer Ltd)
40211000001102,Salazopyrin 250mg/5ml oral suspension (Pfizer Ltd)
499211000001108,Sulazine EC 500mg tablets (Genesis Pharmaceuticals Ltd)
23447211000001104,Sulazine EC 500mg tablets (Teva UK Ltd)
22519811000001102,Mercaptopurine 50mg tablets (Aspen Pharma Trading Ltd)
22673711000001106,Mercaptopurine 50mg tablets (Alliance Healthcare (Distribution) Ltd)
34468011000001101,Mercaptopurine 50mg tablets (A A H Pharmaceuticals Ltd)
18413011000001107,Mercaptopurine 10mg tablets (Special Order)
36476511000001106,Mercaptopurine 10mg tablets (Imported (Germany))
12695511000001106,Mercaptopurine 5mg/5ml oral suspension (Special Order)
12695311000001100,Mercaptopurine 50mg/5ml oral suspension (Special Order)
8759711000001105,Mercaptopurine 10mg capsules (Special Order)
8613411000001101,Mercaptopurine 25mg/5ml oral suspension (Special Order)
12696211000001102,Mercaptopurine 75mg/5ml oral suspension (Special Order)
20538611000001107,Mercaptopurine 25mg tablets (Special Order)
20886411000001102,Mercaptopurine 45mg/5ml oral suspension (Special Order)
22101211000001108,Mercaptopurine 25mg capsules (Special Order)
28279111000001101,Mercaptopurine 30mg capsules (Special Order)
28397011000001105,Mercaptopurine 75mg tablets (Special Order)
31508511000001107,Mercaptopurine 75mg capsules (Special Order)
8612811000001107,Mercaptopurine 100mg/5ml oral suspension (Special Order)
36582811000001109,Mercaptopurine 20mg capsules (Special Order)
36959911000001107,Mercaptopurine 12.5mg capsules (Special Order)
3832911000001101,Puri-Nethol 50mg tablets (Aspen Pharma Trading Ltd)
21969411000001109,Xaluprine 20mg/ml oral suspension (Nova Laboratories Ltd)
37572111000001106,Hanixol 50mg tablets (Fontus Health Ltd)
3612511000001105,Methotrexate 5mg/2ml solution for injection vials (A A H Pharmaceuticals Ltd)
3612511000001105,Methotrexate 5mg/2ml solution for injection vials (A A H Pharmaceuticals Ltd)
3612511000001105,Methotrexate 5mg/2ml solution for injection vials (A A H Pharmaceuticals Ltd)
3612511000001105,Methotrexate 5mg/2ml solution for injection vials (A A H Pharmaceuticals Ltd)
3614611000001101,Methotrexate 5mg/2ml solution for injection vials (Pfizer Ltd)
3614611000001101,Methotrexate 5mg/2ml solution for injection vials (Pfizer Ltd)
3614611000001101,Methotrexate 5mg/2ml solution for injection vials (Pfizer Ltd)
3614611000001101,Methotrexate 5mg/2ml solution for injection vials (Pfizer Ltd)
3614911000001107,Methotrexate 5mg/2ml solution for injection vials (Alliance Healthcare (Distribution) Ltd)
3614911000001107,Methotrexate 5mg/2ml solution for injection vials (Alliance Healthcare (Distribution) Ltd)
3614911000001107,Methotrexate 5mg/2ml solution for injection vials (Alliance Healthcare (Distribution) Ltd)
3614911000001107,Methotrexate 5mg/2ml solution for injection vials (Alliance Healthcare (Distribution) Ltd)
3622611000001102,Methotrexate 500mg/20ml solution for injection vials (A A H Pharmaceuticals Ltd)
3622611000001102,Methotrexate 500mg/20ml solution for injection vials (A A H Pharmaceuticals Ltd)
3622611000001102,Methotrexate 500mg/20ml solution for injection vials (A A H Pharmaceuticals Ltd)
3622611000001102,Methotrexate 500mg/20ml solution for injection vials (A A H Pharmaceuticals Ltd)
3622911000001108,Methotrexate 500mg/20ml solution for injection vials (Pfizer Ltd)
3622911000001108,Methotrexate 500mg/20ml solution for injection vials (Pfizer Ltd)
3622911000001108,Methotrexate 500mg/20ml solution for injection vials (Pfizer Ltd)
3622911000001108,Methotrexate 500mg/20ml solution for injection vials (Pfizer Ltd)
3623211000001105,Methotrexate 500mg/20ml solution for injection vials (Alliance Healthcare (Distribution) Ltd)
3623211000001105,Methotrexate 500mg/20ml solution for injection vials (Alliance Healthcare (Distribution) Ltd)
3623211000001105,Methotrexate 500mg/20ml solution for injection vials (Alliance Healthcare (Distribution) Ltd)
3623211000001105,Methotrexate 500mg/20ml solution for injection vials (Alliance Healthcare (Distribution) Ltd)
3623611000001107,Methotrexate 500mg/20ml solution for injection vials (Advanz Pharma)
3623611000001107,Methotrexate 500mg/20ml solution for injection vials (Advanz Pharma)
3623611000001107,Methotrexate 500mg/20ml solution for injection vials (Advanz Pharma)
3623611000001107,Methotrexate 500mg/20ml solution for injection vials (Advanz Pharma)
10988211000001107,Methotrexate 500mg/20ml solution for injection vials (Teva UK Ltd)
10988211000001107,Methotrexate 500mg/20ml solution for injection vials (Teva UK Ltd)
10988211000001107,Methotrexate 500mg/20ml solution for injection vials (Teva UK Ltd)
10988211000001107,Methotrexate 500mg/20ml solution for injection vials (Teva UK Ltd)
14966811000001106,Methotrexate 500mg/20ml solution for injection vials (hameln pharma Ltd)
14966811000001106,Methotrexate 500mg/20ml solution for injection vials (hameln pharma Ltd)
14966811000001106,Methotrexate 500mg/20ml solution for injection vials (hameln pharma Ltd)
14966811000001106,Methotrexate 500mg/20ml solution for injection vials (hameln pharma Ltd)
27952411000001107,Methotrexate 500mg/20ml solution for injection vials (Accord Healthcare Ltd)
27952411000001107,Methotrexate 500mg/20ml solution for injection vials (Accord Healthcare Ltd)
27952411000001107,Methotrexate 500mg/20ml solution for injection vials (Accord Healthcare Ltd)
27952411000001107,Methotrexate 500mg/20ml solution for injection vials (Accord Healthcare Ltd)
3610011000001101,Methotrexate 50mg/2ml solution for injection vials (A A H Pharmaceuticals Ltd)
3610011000001101,Methotrexate 50mg/2ml solution for injection vials (A A H Pharmaceuticals Ltd)
3610011000001101,Methotrexate 50mg/2ml solution for injection vials (A A H Pharmaceuticals Ltd)
3610011000001101,Methotrexate 50mg/2ml solution for injection vials (A A H Pharmaceuticals Ltd)
3610011000001101,Methotrexate 50mg/2ml solution for injection vials (A A H Pharmaceuticals Ltd)
3610011000001101,Methotrexate 50mg/2ml solution for injection vials (A A H Pharmaceuticals Ltd)
3612811000001108,Methotrexate 50mg/2ml solution for injection vials (Pfizer Ltd)
3612811000001108,Methotrexate 50mg/2ml solution for injection vials (Pfizer Ltd)
3612811000001108,Methotrexate 50mg/2ml solution for injection vials (Pfizer Ltd)
3612811000001108,Methotrexate 50mg/2ml solution for injection vials (Pfizer Ltd)
3612811000001108,Methotrexate 50mg/2ml solution for injection vials (Pfizer Ltd)
3612811000001108,Methotrexate 50mg/2ml solution for injection vials (Pfizer Ltd)
3613311000001109,Methotrexate 50mg/2ml solution for injection vials (Alliance Healthcare (Distribution) Ltd)
3613311000001109,Methotrexate 50mg/2ml solution for injection vials (Alliance Healthcare (Distribution) Ltd)
3613311000001109,Methotrexate 50mg/2ml solution for injection vials (Alliance Healthcare (Distribution) Ltd)
3613311000001109,Methotrexate 50mg/2ml solution for injection vials (Alliance Healthcare (Distribution) Ltd)
3613311000001109,Methotrexate 50mg/2ml solution for injection vials (Alliance Healthcare (Distribution) Ltd)
3613311000001109,Methotrexate 50mg/2ml solution for injection vials (Alliance Healthcare (Distribution) Ltd)
3615611000001100,Methotrexate 50mg/2ml solution for injection vials (Advanz Pharma)
3615611000001100,Methotrexate 50mg/2ml solution for injection vials (Advanz Pharma)
3615611000001100,Methotrexate 50mg/2ml solution for injection vials (Advanz Pharma)
3615611000001100,Methotrexate 50mg/2ml solution for injection vials (Advanz Pharma)
3615611000001100,Methotrexate 50mg/2ml solution for injection vials (Advanz Pharma)
3615611000001100,Methotrexate 50mg/2ml solution for injection vials (Advanz Pharma)
10988011000001102,Methotrexate 50mg/2ml solution for injection vials (Teva UK Ltd)
10988011000001102,Methotrexate 50mg/2ml solution for injection vials (Teva UK Ltd)
10988011000001102,Methotrexate 50mg/2ml solution for injection vials (Teva UK Ltd)
10988011000001102,Methotrexate 50mg/2ml solution for injection vials (Teva UK Ltd)
10988011000001102,Methotrexate 50mg/2ml solution for injection vials (Teva UK Ltd)
10988011000001102,Methotrexate 50mg/2ml solution for injection vials (Teva UK Ltd)
15138411000001109,Methotrexate 50mg/2ml solution for injection vials (hameln pharma Ltd)
15138411000001109,Methotrexate 50mg/2ml solution for injection vials (hameln pharma Ltd)
15138411000001109,Methotrexate 50mg/2ml solution for injection vials (hameln pharma Ltd)
15138411000001109,Methotrexate 50mg/2ml solution for injection vials (hameln pharma Ltd)
15138411000001109,Methotrexate 50mg/2ml solution for injection vials (hameln pharma Ltd)
15138411000001109,Methotrexate 50mg/2ml solution for injection vials (hameln pharma Ltd)
28991611000001102,Methotrexate 50mg/2ml solution for injection vials (Accord Healthcare Ltd)
28991611000001102,Methotrexate 50mg/2ml solution for injection vials (Accord Healthcare Ltd)
28991611000001102,Methotrexate 50mg/2ml solution for injection vials (Accord Healthcare Ltd)
28991611000001102,Methotrexate 50mg/2ml solution for injection vials (Accord Healthcare Ltd)
28991611000001102,Methotrexate 50mg/2ml solution for injection vials (Accord Healthcare Ltd)
28991611000001102,Methotrexate 50mg/2ml solution for injection vials (Accord Healthcare Ltd)
3621611000001108,Methotrexate 200mg/8ml solution for injection vials (A A H Pharmaceuticals Ltd)
3621611000001108,Methotrexate 200mg/8ml solution for injection vials (A A H Pharmaceuticals Ltd)
3621611000001108,Methotrexate 200mg/8ml solution for injection vials (A A H Pharmaceuticals Ltd)
3621611000001108,Methotrexate 200mg/8ml solution for injection vials (A A H Pharmaceuticals Ltd)
3621811000001107,Methotrexate 200mg/8ml solution for injection vials (Advanz Pharma)
3621811000001107,Methotrexate 200mg/8ml solution for injection vials (Advanz Pharma)
3621811000001107,Methotrexate 200mg/8ml solution for injection vials (Advanz Pharma)
3621811000001107,Methotrexate 200mg/8ml solution for injection vials (Advanz Pharma)
3622011000001109,Methotrexate 200mg/8ml solution for injection vials (Alliance Healthcare (Distribution) Ltd)
3622011000001109,Methotrexate 200mg/8ml solution for injection vials (Alliance Healthcare (Distribution) Ltd)
3622011000001109,Methotrexate 200mg/8ml solution for injection vials (Alliance Healthcare (Distribution) Ltd)
3622011000001109,Methotrexate 200mg/8ml solution for injection vials (Alliance Healthcare (Distribution) Ltd)
9457411000001101,Methotrexate 5mg/0.2ml solution for injection pre-filled syringes (Special Order)
9457411000001101,Methotrexate 5mg/0.2ml solution for injection pre-filled syringes (Special Order)
9457411000001101,Methotrexate 5mg/0.2ml solution for injection pre-filled syringes (Special Order)
9457411000001101,Methotrexate 5mg/0.2ml solution for injection pre-filled syringes (Special Order)
9450111000001105,Methotrexate 30mg/1.2ml solution for injection pre-filled syringes (Special Order)
9450111000001105,Methotrexate 30mg/1.2ml solution for injection pre-filled syringes (Special Order)
9450111000001105,Methotrexate 30mg/1.2ml solution for injection pre-filled syringes (Special Order)
9450111000001105,Methotrexate 30mg/1.2ml solution for injection pre-filled syringes (Special Order)
3618611000001106,Methotrexate 1g/10ml solution for injection vials (A A H Pharmaceuticals Ltd)
3618611000001106,Methotrexate 1g/10ml solution for injection vials (A A H Pharmaceuticals Ltd)
3618611000001106,Methotrexate 1g/10ml solution for injection vials (A A H Pharmaceuticals Ltd)
3619211000001104,Methotrexate 1g/10ml solution for injection vials (Pfizer Ltd)
3619211000001104,Methotrexate 1g/10ml solution for injection vials (Pfizer Ltd)
3619211000001104,Methotrexate 1g/10ml solution for injection vials (Pfizer Ltd)
3619511000001101,Methotrexate 1g/10ml solution for injection vials (Alliance Healthcare (Distribution) Ltd)
3619511000001101,Methotrexate 1g/10ml solution for injection vials (Alliance Healthcare (Distribution) Ltd)
3619511000001101,Methotrexate 1g/10ml solution for injection vials (Alliance Healthcare (Distribution) Ltd)
9561911000001100,Methotrexate 1g/10ml solution for injection vials (Wockhardt UK Ltd)
9561911000001100,Methotrexate 1g/10ml solution for injection vials (Wockhardt UK Ltd)
9561911000001100,Methotrexate 1g/10ml solution for injection vials (Wockhardt UK Ltd)
37733011000001104,Methotrexate 1g/10ml solution for injection vials (medac UK)
37733011000001104,Methotrexate 1g/10ml solution for injection vials (medac UK)
37733011000001104,Methotrexate 1g/10ml solution for injection vials (medac UK)
3615811000001101,Methotrexate 5g/50ml solution for infusion vials (A A H Pharmaceuticals Ltd)
3615811000001101,Methotrexate 5g/50ml solution for infusion vials (A A H Pharmaceuticals Ltd)
3615811000001101,Methotrexate 5g/50ml solution for infusion vials (A A H Pharmaceuticals Ltd)
3616411000001107,Methotrexate 5g/50ml solution for infusion vials (Pfizer Ltd)
3616411000001107,Methotrexate 5g/50ml solution for infusion vials (Pfizer Ltd)
3616411000001107,Methotrexate 5g/50ml solution for infusion vials (Pfizer Ltd)
3616911000001104,Methotrexate 5g/50ml solution for infusion vials (Alliance Healthcare (Distribution) Ltd)
3616911000001104,Methotrexate 5g/50ml solution for infusion vials (Alliance Healthcare (Distribution) Ltd)
3616911000001104,Methotrexate 5g/50ml solution for infusion vials (Alliance Healthcare (Distribution) Ltd)
9562111000001108,Methotrexate 5g/50ml solution for infusion vials (Wockhardt UK Ltd)
9562111000001108,Methotrexate 5g/50ml solution for infusion vials (Wockhardt UK Ltd)
9562111000001108,Methotrexate 5g/50ml solution for infusion vials (Wockhardt UK Ltd)
37733211000001109,Methotrexate 5g/50ml solution for infusion vials (medac UK)
37733211000001109,Methotrexate 5g/50ml solution for infusion vials (medac UK)
37733211000001109,Methotrexate 5g/50ml solution for infusion vials (medac UK)
3624511000001106,Methotrexate 1g/40ml solution for injection vials (A A H Pharmaceuticals Ltd)
3624511000001106,Methotrexate 1g/40ml solution for injection vials (A A H Pharmaceuticals Ltd)
3624511000001106,Methotrexate 1g/40ml solution for injection vials (A A H Pharmaceuticals Ltd)
3624511000001106,Methotrexate 1g/40ml solution for injection vials (A A H Pharmaceuticals Ltd)
3624711000001101,Methotrexate 1g/40ml solution for injection vials (Alliance Healthcare (Distribution) Ltd)
3624711000001101,Methotrexate 1g/40ml solution for injection vials (Alliance Healthcare (Distribution) Ltd)
3624711000001101,Methotrexate 1g/40ml solution for injection vials (Alliance Healthcare (Distribution) Ltd)
3624711000001101,Methotrexate 1g/40ml solution for injection vials (Alliance Healthcare (Distribution) Ltd)
3625011000001104,Methotrexate 1g/40ml solution for injection vials (Advanz Pharma)
3625011000001104,Methotrexate 1g/40ml solution for injection vials (Advanz Pharma)
3625011000001104,Methotrexate 1g/40ml solution for injection vials (Advanz Pharma)
3625011000001104,Methotrexate 1g/40ml solution for injection vials (Advanz Pharma)
11091011000001108,Methotrexate 1g/40ml solution for injection vials (Teva UK Ltd)
11091011000001108,Methotrexate 1g/40ml solution for injection vials (Teva UK Ltd)
11091011000001108,Methotrexate 1g/40ml solution for injection vials (Teva UK Ltd)
11091011000001108,Methotrexate 1g/40ml solution for injection vials (Teva UK Ltd)
27951711000001108,Methotrexate 1g/40ml solution for injection vials (Accord Healthcare Ltd)
27951711000001108,Methotrexate 1g/40ml solution for injection vials (Accord Healthcare Ltd)
27951711000001108,Methotrexate 1g/40ml solution for injection vials (Accord Healthcare Ltd)
27951711000001108,Methotrexate 1g/40ml solution for injection vials (Accord Healthcare Ltd)
3620611000001103,Methotrexate 5g/200ml solution for infusion vials (A A H Pharmaceuticals Ltd)
3620611000001103,Methotrexate 5g/200ml solution for infusion vials (A A H Pharmaceuticals Ltd)
3620611000001103,Methotrexate 5g/200ml solution for infusion vials (A A H Pharmaceuticals Ltd)
3620811000001104,Methotrexate 5g/200ml solution for infusion vials (Alliance Healthcare (Distribution) Ltd)
3620811000001104,Methotrexate 5g/200ml solution for infusion vials (Alliance Healthcare (Distribution) Ltd)
3620811000001104,Methotrexate 5g/200ml solution for infusion vials (Alliance Healthcare (Distribution) Ltd)
3621111000001100,Methotrexate 5g/200ml solution for infusion vials (Advanz Pharma)
3621111000001100,Methotrexate 5g/200ml solution for infusion vials (Advanz Pharma)
3621111000001100,Methotrexate 5g/200ml solution for infusion vials (Advanz Pharma)
9448511000001101,Methotrexate 35mg/1.4ml solution for injection pre-filled syringes (Special Order)
9448511000001101,Methotrexate 35mg/1.4ml solution for injection pre-filled syringes (Special Order)
9448511000001101,Methotrexate 35mg/1.4ml solution for injection pre-filled syringes (Special Order)
9448511000001101,Methotrexate 35mg/1.4ml solution for injection pre-filled syringes (Special Order)
9451611000001107,Methotrexate 27.5mg/1.1ml solution for injection pre-filled syringes (Special Order)
9451611000001107,Methotrexate 27.5mg/1.1ml solution for injection pre-filled syringes (Special Order)
9451611000001107,Methotrexate 27.5mg/1.1ml solution for injection pre-filled syringes (Special Order)
9451611000001107,Methotrexate 27.5mg/1.1ml solution for injection pre-filled syringes (Special Order)
9448011000001109,Methotrexate 50mg/2ml solution for injection pre-filled syringes (Special Order)
9448011000001109,Methotrexate 50mg/2ml solution for injection pre-filled syringes (Special Order)
9448011000001109,Methotrexate 50mg/2ml solution for injection pre-filled syringes (Special Order)
9448011000001109,Methotrexate 50mg/2ml solution for injection pre-filled syringes (Special Order)
9449511000001107,Methotrexate 32.5mg/1.3ml solution for injection pre-filled syringes (Special Order)
9449511000001107,Methotrexate 32.5mg/1.3ml solution for injection pre-filled syringes (Special Order)
9449511000001107,Methotrexate 32.5mg/1.3ml solution for injection pre-filled syringes (Special Order)
9449511000001107,Methotrexate 32.5mg/1.3ml solution for injection pre-filled syringes (Special Order)
14966611000001107,Methotrexate 25mg/3ml solution for injection pre-filled syringes (Special Order)
14966611000001107,Methotrexate 25mg/3ml solution for injection pre-filled syringes (Special Order)
14966611000001107,Methotrexate 25mg/3ml solution for injection pre-filled syringes (Special Order)
9453111000001103,Methotrexate 20mg/0.8ml solution for injection pre-filled syringes (Special Order)
9453111000001103,Methotrexate 20mg/0.8ml solution for injection pre-filled syringes (Special Order)
9452811000001102,Methotrexate 22.5mg/0.9ml solution for injection pre-filled syringes (Special Order)
9452811000001102,Methotrexate 22.5mg/0.9ml solution for injection pre-filled syringes (Special Order)
9452311000001106,Methotrexate 25mg/1ml solution for injection pre-filled syringes (Special Order)
9452311000001106,Methotrexate 25mg/1ml solution for injection pre-filled syringes (Special Order)
9455911000001104,Methotrexate 10mg/0.4ml solution for injection pre-filled syringes (Special Order)
9455911000001104,Methotrexate 10mg/0.4ml solution for injection pre-filled syringes (Special Order)
9456611000001100,Methotrexate 7.5mg/0.3ml solution for injection pre-filled syringes (Special Order)
9456611000001100,Methotrexate 7.5mg/0.3ml solution for injection pre-filled syringes (Special Order)
9455211000001108,Methotrexate 12.5mg/0.5ml solution for injection pre-filled syringes (Special Order)
9455211000001108,Methotrexate 12.5mg/0.5ml solution for injection pre-filled syringes (Special Order)
9454211000001107,Methotrexate 15mg/0.6ml solution for injection pre-filled syringes (Special Order)
9454211000001107,Methotrexate 15mg/0.6ml solution for injection pre-filled syringes (Special Order)
9453611000001106,Methotrexate 17.5mg/0.7ml solution for injection pre-filled syringes (Special Order)
9453611000001106,Methotrexate 17.5mg/0.7ml solution for injection pre-filled syringes (Special Order)
31406711000001106,Zlatal 20mg/0.8ml solution for injection pre-filled syringes (Nordic Pharma Ltd)
31406711000001106,Zlatal 20mg/0.8ml solution for injection pre-filled syringes (Nordic Pharma Ltd)
31407211000001102,Zlatal 22.5mg/0.9ml solution for injection pre-filled syringes (Nordic Pharma Ltd)
31407211000001102,Zlatal 22.5mg/0.9ml solution for injection pre-filled syringes (Nordic Pharma Ltd)
31407411000001103,Zlatal 25mg/1ml solution for injection pre-filled syringes (Nordic Pharma Ltd)
31407411000001103,Zlatal 25mg/1ml solution for injection pre-filled syringes (Nordic Pharma Ltd)
31407911000001106,Zlatal 10mg/0.4ml solution for injection pre-filled syringes (Nordic Pharma Ltd)
31407911000001106,Zlatal 10mg/0.4ml solution for injection pre-filled syringes (Nordic Pharma Ltd)
31408511000001100,Zlatal 7.5mg/0.3ml solution for injection pre-filled syringes (Nordic Pharma Ltd)
31408511000001100,Zlatal 7.5mg/0.3ml solution for injection pre-filled syringes (Nordic Pharma Ltd)
31409011000001103,Zlatal 12.5mg/0.5ml solution for injection pre-filled syringes (Nordic Pharma Ltd)
31409011000001103,Zlatal 12.5mg/0.5ml solution for injection pre-filled syringes (Nordic Pharma Ltd)
31409611000001105,Zlatal 15mg/0.6ml solution for injection pre-filled syringes (Nordic Pharma Ltd)
31409611000001105,Zlatal 15mg/0.6ml solution for injection pre-filled syringes (Nordic Pharma Ltd)
31410211000001104,Zlatal 17.5mg/0.7ml solution for injection pre-filled syringes (Nordic Pharma Ltd)
31410211000001104,Zlatal 17.5mg/0.7ml solution for injection pre-filled syringes (Nordic Pharma Ltd)
34161711000001105,Nordimet 7.5mg/0.3ml solution for injection pre-filled pens (Nordic Pharma Ltd)
34162611000001107,Nordimet 10mg/0.4ml solution for injection pre-filled pens (Nordic Pharma Ltd)
34162911000001101,Nordimet 12.5mg/0.5ml solution for injection pre-filled pens (Nordic Pharma Ltd)
34163211000001104,Nordimet 15mg/0.6ml solution for injection pre-filled pens (Nordic Pharma Ltd)
34163511000001101,Nordimet 17.5mg/0.7ml solution for injection pre-filled pens (Nordic Pharma Ltd)
34163811000001103,Nordimet 20mg/0.8ml solution for injection pre-filled pens (Nordic Pharma Ltd)
34164111000001107,Nordimet 22.5mg/0.9ml solution for injection pre-filled pens (Nordic Pharma Ltd)
34164411000001102,Nordimet 25mg/1ml solution for injection pre-filled pens (Nordic Pharma Ltd)
338311000001105,Azathioprine 25mg tablets (Kent Pharmaceuticals Ltd)
544611000001107,Azathioprine 25mg tablets (Mylan)
611111000001100,Azathioprine 25mg tablets (Alliance Healthcare (Distribution) Ltd)
744711000001104,Azathioprine 25mg tablets (A A H Pharmaceuticals Ltd)
3695011000001108,Azathioprine 25mg tablets (IVAX Pharmaceuticals UK Ltd)
5866911000001101,Azathioprine 25mg tablets (Actavis UK Ltd)
8388611000001100,Azathioprine 25mg tablets (Teva UK Ltd)
13740711000001100,Azathioprine 25mg tablets (Tillomed Laboratories Ltd)
15070411000001103,Azathioprine 25mg tablets (Sigma Pharmaceuticals Plc)
17789111000001105,Azathioprine 25mg tablets (Phoenix Healthcare Distribution Ltd)
21780411000001106,Azathioprine 25mg tablets (Waymade Healthcare Plc)
22614111000001101,Azathioprine 25mg tablets (DE Pharmaceuticals)
24505211000001107,Azathioprine 25mg tablets (Sandoz Ltd)
29997811000001108,Azathioprine 25mg tablets (Mawdsley-Brooks & Company Ltd)
41911000001104,Azathioprine 50mg tablets (A A H Pharmaceuticals Ltd)
178511000001107,Azathioprine 50mg tablets (IVAX Pharmaceuticals UK Ltd)
339911000001103,Azathioprine 50mg tablets (Actavis UK Ltd)
428011000001101,Azathioprine 50mg tablets (Sandoz Ltd)
715511000001100,Azathioprine 50mg tablets (Teva UK Ltd)
843311000001103,Azathioprine 50mg tablets (Mylan)
863111000001105,Azathioprine 50mg tablets (Kent Pharmaceuticals Ltd)
888811000001106,Azathioprine 50mg tablets (Alliance Healthcare (Distribution) Ltd)
10288111000001102,Azathioprine 50mg tablets (Focus Pharmaceuticals Ltd)
13386711000001105,Azathioprine 50mg tablets (Arrow Generics Ltd)
13740911000001103,Azathioprine 50mg tablets (Tillomed Laboratories Ltd)
15070611000001100,Azathioprine 50mg tablets (Sigma Pharmaceuticals Plc)
17790011000001100,Azathioprine 50mg tablets (Phoenix Healthcare Distribution Ltd)
18280311000001100,Azathioprine 50mg tablets (Strides Pharma UK Ltd)
18497511000001105,Azathioprine 50mg tablets (Almus Pharmaceuticals Ltd)
21780711000001100,Azathioprine 50mg tablets (Waymade Healthcare Plc)
22615211000001108,Azathioprine 50mg tablets (DE Pharmaceuticals)
27990111000001105,Azathioprine 50mg tablets (Ennogen Healthcare Ltd)
29998111000001100,Azathioprine 50mg tablets (Mawdsley-Brooks & Company Ltd)
36105511000001109,Azathioprine 50mg tablets (Ennogen Pharma Ltd)
37077111000001106,Azathioprine 50mg tablets (Relonchem Ltd)
8733511000001103,Azathioprine 10mg capsules (Special Order)
8274811000001106,Azathioprine 50mg/5ml oral solution (Special Order)
8272311000001109,Azathioprine 40mg/5ml oral solution (Special Order)
8277711000001105,Azathioprine 40mg/5ml oral suspension (Special Order)
8262811000001108,Azathioprine 10mg/5ml oral solution (Special Order)
8264111000001109,Azathioprine 10mg/5ml oral suspension (Special Order)
8268711000001102,Azathioprine 25mg/5ml oral solution (Special Order)
8279411000001108,Azathioprine 75mg/5ml oral solution (Special Order)
8280411000001108,Azathioprine 75mg/5ml oral suspension (Special Order)
8263111000001107,Azathioprine 15mg/5ml oral solution (Special Order)
8264311000001106,Azathioprine 15mg/5ml oral suspension (Special Order)
8259811000001108,Azathioprine 100mg/5ml oral solution (Special Order)
8267211000001105,Azathioprine 20mg/5ml oral solution (Special Order)
12068711000001104,Azathioprine 125mg/5ml oral suspension (Special Order)
12069011000001106,Azathioprine 125mg/5ml oral solution (Special Order)
8273411000001106,Azathioprine 5mg/5ml oral solution (Special Order)
8275911000001102,Azathioprine 5mg/5ml oral suspension (Special Order)
12212311000001105,Azathioprine 45mg/5ml oral suspension (Special Order)
12215411000001106,Azathioprine 45mg/5ml oral solution (Special Order)
12214811000001107,Azathioprine 7mg/5ml oral suspension (Special Order)
12217811000001103,Azathioprine 7mg/5ml oral solution (Special Order)
8268511000001107,Azathioprine 30mg/5ml oral solution (Special Order)
8269111000001105,Azathioprine 30mg/5ml oral suspension (Special Order)
8264611000001101,Azathioprine 17.5mg/5ml oral solution (Special Order)
8266011000001103,Azathioprine 17.5mg/5ml oral suspension (Special Order)
12093611000001103,Azathioprine 35mg/5ml oral suspension (Special Order)
12093911000001109,Azathioprine 35mg/5ml oral solution (Special Order)
12209611000001109,Azathioprine 37.5mg/5ml oral suspension (Special Order)
12210411000001104,Azathioprine 37.5mg/5ml oral solution (Special Order)
8288511000001105,Azathioprine 60mg/5ml oral solution (Special Order)
8290111000001102,Azathioprine 60mg/5ml oral suspension (Special Order)
12093011000001105,Azathioprine 200mg/5ml oral suspension (Special Order)
12093311000001108,Azathioprine 200mg/5ml oral solution (Special Order)
12070311000001107,Azathioprine 175mg/5ml oral suspension (Special Order)
12070911000001108,Azathioprine 175mg/5ml oral solution (Special Order)
12092411000001105,Azathioprine 17mg/5ml oral suspension (Special Order)
12092711000001104,Azathioprine 17mg/5ml oral solution (Special Order)
8742911000001104,Azathioprine 5mg capsules (Special Order)
8743211000001102,Azathioprine 30mg capsules (Special Order)
8265411000001103,Azathioprine 12mg/5ml oral solution (Special Order)
8266211000001108,Azathioprine 12mg/5ml oral suspension (Special Order)
12213811000001109,Azathioprine 4mg/5ml oral suspension (Special Order)
12216011000001106,Azathioprine 4mg/5ml oral solution (Special Order)
8260411000001105,Azathioprine 120mg/5ml oral solution (Special Order)
8260811000001107,Azathioprine 120mg/5ml oral suspension (Special Order)
8261211000001100,Azathioprine 150mg/5ml oral solution (Special Order)
8262911000001103,Azathioprine 150mg/5ml oral suspension (Special Order)
12214511000001109,Azathioprine 70mg/5ml oral suspension (Special Order)
12217411000001100,Azathioprine 70mg/5ml oral solution (Special Order)
8265911000001106,Azathioprine 2.5mg/5ml oral solution (Special Order)
8267811000001106,Azathioprine 2.5mg/5ml oral suspension (Special Order)
12215111000001101,Azathioprine 80mg/5ml oral suspension (Special Order)
12218111000001106,Azathioprine 80mg/5ml oral solution (Special Order)
8291411000001103,Azathioprine 90mg/5ml oral solution (Special Order)
8292211000001109,Azathioprine 90mg/5ml oral suspension (Special Order)
8262111000001101,Azathioprine 13mg/5ml oral solution (Special Order)
8263511000001103,Azathioprine 13mg/5ml oral suspension (Special Order)
16012511000001109,Azathioprine 250mg/5ml oral solution (Special Order)
16014711000001109,Azathioprine 250mg/5ml oral suspension (Special Order)
8278511000001101,Azathioprine 50mg/5ml oral suspension (Drug Tariff Special Order)
8269711000001106,Azathioprine 25mg/5ml oral suspension (Drug Tariff Special Order)
8260111000001100,Azathioprine 100mg/5ml oral suspension (Drug Tariff Special Order)
8268111000001103,Azathioprine 20mg/5ml oral suspension (Drug Tariff Special Order)
31000011000001104,Azathioprine 65mg/5ml oral suspension (Special Order)
284711000001102,Imuran 25mg tablets (Aspen Pharma Trading Ltd)
675711000001108,Imuran 50mg tablets (Aspen Pharma Trading Ltd)
906711000001106,Imuran 50mg powder for solution for injection vials (Aspen Pharma Trading Ltd)
318611000001108,Immunoprin 50mg tablets (Ashbourne Pharmaceuticals Ltd)
26658011000001100,Azapress 50mg tablets (Ennogen Pharma Ltd)
18164311000001107,Mycophenolate mofetil 250mg capsules (Actavis UK Ltd)
18310411000001102,Mycophenolate mofetil 250mg capsules (A A H Pharmaceuticals Ltd)
18342411000001105,Mycophenolate mofetil 250mg capsules (Alliance Healthcare (Distribution) Ltd)
18464211000001103,Mycophenolate mofetil 250mg capsules (Accord Healthcare Ltd)
18477711000001105,Mycophenolate mofetil 250mg capsules (Dr Reddy's Laboratories (UK) Ltd)
18622711000001109,Mycophenolate mofetil 250mg capsules (Phoenix Healthcare Distribution Ltd)
18728911000001102,Mycophenolate mofetil 250mg capsules (Sigma Pharmaceuticals Plc)
20312011000001106,Mycophenolate mofetil 250mg capsules (Sandoz Ltd)
21808611000001106,Mycophenolate mofetil 250mg capsules (Waymade Healthcare Plc)
21842611000001101,Mycophenolate mofetil 250mg capsules (Cubic Pharmaceuticals Ltd)
22352411000001100,Mycophenolate mofetil 250mg capsules (AM Distributions (Yorkshire) Ltd)
22409911000001101,Mycophenolate mofetil 250mg capsules (DE Pharmaceuticals)
22605811000001106,Mycophenolate mofetil 250mg capsules (Colorama Pharmaceuticals Ltd)
23218811000001105,Mycophenolate mofetil 250mg capsules (J M McGill Ltd)
23958811000001104,Mycophenolate mofetil 250mg capsules (Niche Pharma Ltd)
24028011000001102,Mycophenolate mofetil 250mg capsules (CST Pharma Ltd)
24571011000001105,Mycophenolate mofetil 250mg capsules (Mawdsley-Brooks & Company Ltd)
25881711000001105,Mycophenolate mofetil 250mg capsules (Icarus Pharmaceuticals Ltd)
32424411000001104,Mycophenolate mofetil 250mg capsules (Kent Pharmaceuticals Ltd)
18164511000001101,Mycophenolate mofetil 500mg tablets (Actavis UK Ltd)
18310611000001104,Mycophenolate mofetil 500mg tablets (A A H Pharmaceuticals Ltd)
18342611000001108,Mycophenolate mofetil 500mg tablets (Alliance Healthcare (Distribution) Ltd)
18412111000001102,Mycophenolate mofetil 500mg tablets (Mylan)
18464411000001104,Mycophenolate mofetil 500mg tablets (Accord Healthcare Ltd)
18477511000001100,Mycophenolate mofetil 500mg tablets (Dr Reddy's Laboratories (UK) Ltd)
18622911000001106,Mycophenolate mofetil 500mg tablets (Phoenix Healthcare Distribution Ltd)
18730111000001104,Mycophenolate mofetil 500mg tablets (Sigma Pharmaceuticals Plc)
19429811000001107,Mycophenolate motefil 500mg tablets (Wockhardt UK Ltd)
20312211000001101,Mycophenolate motefil 500mg tablets (Sandoz Ltd)
21808811000001105,Mycophenolate mofetil 500mg tablets (Waymade Healthcare Plc)
22464411000001109,Mycophenolate mofetil 500mg tablets (Arrow Generics Ltd)
24405511000001101,Mycophenolate mofetil 500mg tablets (DE Pharmaceuticals)
30849511000001103,Mycophenolate mofetil 500mg tablets (Mawdsley-Brooks & Company Ltd)
32424611000001101,Mycophenolate mofetil 500mg tablets (Kent Pharmaceuticals Ltd)
35725211000001106,Mycophenolate mofetil 500mg tablets (Tillomed Laboratories Ltd)
12986311000001108,Mycophenolate mofetil 250mg/5ml oral suspension (Special Order)
12987211000001103,Mycophenolate mofetil 300mg/5ml oral suspension (Special Order)
12988111000001105,Mycophenolate mofetil 500mg/5ml oral suspension (Special Order)
12984311000001102,Mycophenolate mofetil 100mg/5ml oral suspension (Special Order)
33341411000001104,Mycophenolate mofetil 500mg powder for concentrate for solution for infusion vials (Accord Healthcare Ltd)
12984911000001101,Mycophenolate mofetil 125mg/5ml oral suspension (Special Order)
3659911000001102,CellCept 250mg capsules (Roche Products Ltd)
3661611000001102,CellCept 500mg tablets (Roche Products Ltd)
4346311000001104,CellCept 500mg powder for solution for infusion vials (Roche Products Ltd)
4881311000001100,CellCept 1g/5ml oral suspension (Roche Products Ltd)
4881311000001100,CellCept 1g/5ml oral suspension (Roche Products Ltd)
18163911000001106,Myfenax 500mg tablets (Teva UK Ltd)
18164111000001105,Myfenax 250mg capsules (Teva UK Ltd)
18166911000001100,Arzip 250mg capsules (Zentiva)
18166711000001102,Arzip 500mg tablets (Zentiva)
16550511000001102,Ciclosporin 25mg capsules (A A H Pharmaceuticals Ltd)
17856611000001101,Ciclosporin 25mg capsules (Phoenix Healthcare Distribution Ltd)
21263111000001101,Ciclosporin 25mg capsules (Sigma Pharmaceuticals Plc)
21835711000001102,Ciclosporin 25mg capsules (Cubic Pharmaceuticals Ltd)
22408311000001108,Ciclosporin 25mg capsules (DE Pharmaceuticals)
22604211000001109,Ciclosporin 25mg capsules (Colorama Pharmaceuticals Ltd)
23428411000001104,Ciclosporin 25mg capsules (J M McGill Ltd)
23936511000001102,Ciclosporin 25mg capsules (Niche Pharma Ltd)
24157711000001107,Ciclosporin 25mg capsules (Ethigen Ltd)
24519911000001104,Ciclosporin 25mg capsules (Mawdsley-Brooks & Company Ltd)
25694011000001104,Ciclosporin 25mg capsules (Icarus Pharmaceuticals Ltd)
26021211000001109,Ciclosporin 25mg capsules (Ennogen Healthcare Ltd)
28122711000001107,Ciclosporin 25mg capsules (Pharma-z Ltd)
16550911000001109,Ciclosporin 100mg capsules (A A H Pharmaceuticals Ltd)
17857011000001106,Ciclosporin 100mg capsules (Phoenix Healthcare Distribution Ltd)
21263511000001105,Ciclosporin 100mg capsules (Sigma Pharmaceuticals Plc)
21835311000001101,Ciclosporin 100mg capsules (Cubic Pharmaceuticals Ltd)
22408711000001107,Ciclosporin 100mg capsules (DE Pharmaceuticals)
22604011000001104,Ciclosporin 100mg capsules (Colorama Pharmaceuticals Ltd)
23428211000001103,Ciclosporin 100mg capsules (J M McGill Ltd)
23936311000001108,Ciclosporin 100mg capsules (Niche Pharma Ltd)
24113511000001103,Ciclosporin 100mg capsules (Lexon (UK) Ltd)
24158111000001107,Ciclosporin 100mg capsules (Ethigen Ltd)
24520311000001104,Ciclosporin 100mg capsules (Mawdsley-Brooks & Company Ltd)
25695111000001104,Ciclosporin 100mg capsules (Icarus Pharmaceuticals Ltd)
26019111000001108,Ciclosporin 100mg capsules (Ennogen Healthcare Ltd)
28122211000001100,Ciclosporin 100mg capsules (Pharma-z Ltd)
16550711000001107,Ciclosporin 50mg capsules (A A H Pharmaceuticals Ltd)
17856811000001102,Ciclosporin 50mg capsules (Phoenix Healthcare Distribution Ltd)
21263311000001104,Ciclosporin 50mg capsules (Sigma Pharmaceuticals Plc)
21835511000001107,Ciclosporin 50mg capsules (Cubic Pharmaceuticals Ltd)
22408511000001102,Ciclosporin 50mg capsules (DE Pharmaceuticals)
22604411000001108,Ciclosporin 50mg capsules (Colorama Pharmaceuticals Ltd)
23428611000001101,Ciclosporin 50mg capsules (J M McGill Ltd)
23936711000001107,Ciclosporin 50mg capsules (Niche Pharma Ltd)
24157911000001109,Ciclosporin 50mg capsules (Ethigen Ltd)
24520111000001101,Ciclosporin 50mg capsules (Mawdsley-Brooks & Company Ltd)
25694711000001102,Ciclosporin 50mg capsules (Icarus Pharmaceuticals Ltd)
26022211000001102,Ciclosporin 50mg capsules (Ennogen Healthcare Ltd)
28123311000001103,Ciclosporin 50mg capsules (Pharma-z Ltd)
3490711000001103,Sandimmun 100mg/ml oral solution (Novartis Pharmaceuticals UK Ltd)
88611000001108,Sandimmun 250mg/5ml concentrate for solution for infusion ampoules (Novartis Pharmaceuticals UK Ltd)
911911000001101,Sandimmun 50mg/1ml concentrate for solution for infusion ampoules (Novartis Pharmaceuticals UK Ltd)
347811000001104,Sandimmun 25mg capsules (Novartis Pharmaceuticals UK Ltd)
172611000001109,Sandimmun 100mg capsules (Novartis Pharmaceuticals UK Ltd)
638611000001108,Sandimmun 50mg capsules (Novartis Pharmaceuticals UK Ltd)
3490411000001109,Neoral 100mg/ml oral solution (Novartis Pharmaceuticals UK Ltd)
660811000001100,Neoral 25mg capsules (Novartis Pharmaceuticals UK Ltd)
319211000001101,Neoral 50mg capsules (Novartis Pharmaceuticals UK Ltd)
456811000001107,Neoral 100mg capsules (Novartis Pharmaceuticals UK Ltd)
303511000001103,Neoral 10mg capsules (Novartis Pharmaceuticals UK Ltd)
16306511000001107,Deximune 25mg capsules (Dexcel-Pharma Ltd)
16306711000001102,Deximune 50mg capsules (Dexcel-Pharma Ltd)
16306911000001100,Deximune 100mg capsules (Dexcel-Pharma Ltd)
17666911000001105,Capimune 25mg capsules (Mylan)
17665611000001109,Capimune 50mg capsules (Mylan)
17665811000001108,Capimune 100mg capsules (Mylan)
19376911000001102,Capsorin 100mg capsules (Morningside Healthcare Ltd)
19377111000001102,Capsorin 50mg capsules (Morningside Healthcare Ltd)
19377311000001100,Capsorin 25mg capsules (Morningside Healthcare Ltd)
35206711000001106,Capsorin 100mg/ml oral solution (Morningside Healthcare Ltd)
28335911000001108,Vanquoral 25mg capsules (Teva UK Ltd)
28337411000001106,Vanquoral 50mg capsules (Teva UK Ltd)
28338911000001102,Vanquoral 100mg capsules (Teva UK Ltd)
29934611000001109,Vanquoral 10mg capsules (Teva UK Ltd)
483011000001100,Penicillamine 125mg tablets (Alliance Healthcare (Distribution) Ltd)
498611000001101,Penicillamine 125mg tablets (Kent Pharmaceuticals Ltd)
690211000001104,Penicillamine 125mg tablets (Teva UK Ltd)
745811000001108,Penicillamine 125mg tablets (Mylan)
841011000001102,Penicillamine 125mg tablets (Actavis UK Ltd)
900111000001107,Penicillamine 125mg tablets (A A H Pharmaceuticals Ltd)
17953911000001107,Penicillamine 125mg tablets (Phoenix Healthcare Distribution Ltd)
21842511000001100,Penicillamine 125mg tablets (Waymade Healthcare Plc)
29983111000001105,Penicillamine 125mg tablets (Sigma Pharmaceuticals Plc)
30074711000001109,Penicillamine 125mg tablets (DE Pharmaceuticals)
41411000001107,Penicillamine 250mg tablets (Mylan)
336111000001109,Penicillamine 250mg tablets (A A H Pharmaceuticals Ltd)
366611000001106,Penicillamine 250mg tablets (Teva UK Ltd)
764611000001101,Penicillamine 250mg tablets (Alliance Healthcare (Distribution) Ltd)
795511000001101,Penicillamine 250mg tablets (Actavis UK Ltd)
939011000001105,Penicillamine 250mg tablets (Kent Pharmaceuticals Ltd)
17954111000001106,Penicillamine 250mg tablets (Phoenix Healthcare Distribution Ltd)
21842911000001107,Penicillamine 250mg tablets (Waymade Healthcare Plc)
30074911000001106,Penicillamine 250mg tablets (DE Pharmaceuticals)
12986711000001107,Penicillamine 250mg/5ml oral solution (Special Order)
12986111000001106,Penicillamine 125mg/5ml oral solution (Special Order)
12987611000001101,Penicillamine 50mg/5ml oral solution (Special Order)
33579311000001108,Penicillamine 250mg/5ml oral suspension (Special Order)
98511000001108,Distamine 125mg tablets (Alliance Pharmaceuticals Ltd)
13711000001108,Distamine 250mg tablets (Alliance Pharmaceuticals Ltd)
37270111000001102,Metalcaptase gastro-resistant 150mg tablets (Imported (Germany))
37270911000001104,Metalcaptase gastro-resistant 300mg tablets (Imported (Germany))
679611000001101,Myocrisin 10mg/0.5ml solution for injection ampoules (Sanofi)
494311000001101,Myocrisin 20mg/0.5ml solution for injection ampoules (Sanofi)
786611000001108,Myocrisin 50mg/0.5ml solution for injection ampoules (Sanofi)
18172711000001109,Leflunomide 10mg tablets (medac UK)
18342011000001101,Leflunomide 10mg tablets (Alliance Healthcare (Distribution) Ltd)
18756811000001107,Leflunomide 10mg tablets (A A H Pharmaceuticals Ltd)
18810411000001100,Leflunomide 10mg tablets (Teva UK Ltd)
19783111000001102,Leflunomide 10mg tablets (Actavis UK Ltd)
20290211000001108,Leflunomide 10mg tablets (Sandoz Ltd)
20839511000001103,Leflunomide 10mg tablets (Aspire Pharma Ltd)
20914411000001104,Leflunomide 10mg tablets (Zentiva)
22063011000001107,Leflunomide 10mg tablets (Waymade Healthcare Plc)
24116711000001101,Leflunomide 10mg tablets (Morningside Healthcare Ltd)
24363111000001104,Leflunomide 10mg tablets (DE Pharmaceuticals)
29884411000001106,Leflunomide 10mg tablets (Sigma Pharmaceuticals Plc)
30219011000001109,Leflunomide 10mg tablets (Mawdsley-Brooks & Company Ltd)
33592411000001101,Leflunomide 10mg tablets (Mylan)
37574311000001101,Leflunomide 10mg tablets (Relonchem Ltd)
18172911000001106,Leflunomide 20mg tablets (medac UK)
18342211000001106,Leflunomide 20mg tablets (Alliance Healthcare (Distribution) Ltd)
18757211000001108,Leflunomide 20mg tablets (A A H Pharmaceuticals Ltd)
18812611000001101,Leflunomide 20mg tablets (Teva UK Ltd)
19783511000001106,Leflunomide 20mg tablets (Actavis UK Ltd)
20290411000001107,Leflunomide 20mg tablets (Sandoz Ltd)
20839811000001100,Leflunomide 20mg tablets (Aspire Pharma Ltd)
20914611000001101,Leflunomide 20mg tablets (Zentiva)
22063211000001102,Leflunomide 20mg tablets (Waymade Healthcare Plc)
24116911000001104,Leflunomide 20mg tablets (Morningside Healthcare Ltd)
24363311000001102,Leflunomide 20mg tablets (DE Pharmaceuticals)
29884611000001109,Leflunomide 20mg tablets (Sigma Pharmaceuticals Plc)
33592811000001104,Leflunomide 20mg tablets (Mylan)
37574511000001107,Leflunomide 20mg tablets (Relonchem Ltd)
24376811000001107,Leflunomide 15mg tablets (medac UK)
24775211000001101,Leflunomide 15mg tablets (Alliance Healthcare (Distribution) Ltd)
499111000001102,Arava 10mg tablets (Sanofi)
62411000001105,Arava 20mg tablets (Sanofi)
404111000001101,Arava 100mg tablets (Sanofi)
12800611000001105,Methotrexate 25mg/5ml oral suspension (Special Order)
12800911000001104,Methotrexate 25mg/5ml oral solution (Special Order)
167911000001107,Methotrexate 2.5mg tablets (Kent Pharmaceuticals Ltd)
201811000001107,Methotrexate 2.5mg tablets (A A H Pharmaceuticals Ltd)
383711000001107,Methotrexate 2.5mg tablets (Pfizer Ltd)
683611000001105,Methotrexate 2.5mg tablets (Advanz Pharma)
706911000001103,Methotrexate 2.5mg tablets (Alliance Healthcare (Distribution) Ltd)
11026411000001101,Methotrexate 2.5mg tablets (Wockhardt UK Ltd)
14962511000001107,Methotrexate 2.5mg tablets (Orion Pharma (UK) Ltd)
20310611000001100,Methotrexate 2.5mg tablets (Sandoz Ltd)
21796211000001108,Methotrexate 2.5mg tablets (Waymade Healthcare Plc)
22222311000001101,Methotrexate 2.5mg tablets (Teva UK Ltd)
24136011000001106,Methotrexate 2.5mg tablets (Morningside Healthcare Ltd)
24381611000001105,Methotrexate 2.5mg tablets (DE Pharmaceuticals)
29918911000001101,Methotrexate 2.5mg tablets (Sigma Pharmaceuticals Plc)
34956611000001101,Methotrexate 2.5mg tablets (Almus Pharmaceuticals Ltd)
37273211000001103,Methotrexate 2.5mg tablets (Mawdsley-Brooks & Company Ltd)
136411000001105,Methotrexate 10mg tablets (Alliance Healthcare (Distribution) Ltd)
191111000001100,Methotrexate 10mg tablets (Pfizer Ltd)
928011000001103,Methotrexate 10mg tablets (A A H Pharmaceuticals Ltd)
11026611000001103,Methotrexate 10mg tablets (Wockhardt UK Ltd)
14963911000001107,Methotrexate 10mg tablets (Orion Pharma (UK) Ltd)
15109411000001107,Methotrexate 10mg tablets (Sigma Pharmaceuticals Plc)
20310811000001101,Methotrexate 10mg tablets (Sandoz Ltd)
21796511000001106,Methotrexate 10mg tablets (Waymade Healthcare Plc)
22222111000001103,Methotrexate 10mg tablets (Teva UK Ltd)
24135711000001100,Methotrexate 10mg tablets (Morningside Healthcare Ltd)
24381411000001107,Methotrexate 10mg tablets (DE Pharmaceuticals)
8622711000001105,Methotrexate 2.5mg/5ml oral solution (Special Order)
8624211000001107,Methotrexate 2.5mg/5ml oral suspension (Special Order)
8625911000001104,Methotrexate 5mg/5ml oral solution (Special Order)
8626511000001104,Methotrexate 5mg/5ml oral suspension (Special Order)
8618111000001102,Methotrexate 10mg/5ml oral solution (Special Order)
8618811000001109,Methotrexate 10mg/5ml oral suspension (Special Order)
8625811000001109,Methotrexate 7.5mg/5ml oral solution (Special Order)
8626411000001103,Methotrexate 7.5mg/5ml oral suspension (Special Order)
12801211000001102,Methotrexate 3.75mg/5ml oral suspension (Special Order)
12801511000001104,Methotrexate 3.75mg/5ml oral solution (Special Order)
8619311000001106,Methotrexate 12.5mg/5ml oral solution (Special Order)
8619611000001101,Methotrexate 12.5mg/5ml oral suspension (Special Order)
12796411000001109,Methotrexate 1mg/5ml oral suspension (Special Order)
12796711000001103,Methotrexate 1mg/5ml oral solution (Special Order)
12805111000001105,Methotrexate 7mg/5ml oral suspension (Special Order)
12805711000001106,Methotrexate 7mg/5ml oral solution (Special Order)
12802611000001106,Methotrexate 50mg/5ml oral suspension (Special Order)
12803011000001108,Methotrexate 50mg/5ml oral solution (Special Order)
12806311000001102,Methotrexate 8mg/5ml oral suspension (Special Order)
12806611000001107,Methotrexate 8mg/5ml oral solution (Special Order)
12804011000001105,Methotrexate 750micrograms/5ml oral suspension (Special Order)
12804611000001103,Methotrexate 750micrograms/5ml oral solution (Special Order)
8619911000001107,Methotrexate 15mg/5ml oral solution (Special Order)
8620311000001107,Methotrexate 15mg/5ml oral suspension (Special Order)
12793711000001105,Methotrexate 12mg/5ml oral suspension (Special Order)
12794011000001105,Methotrexate 12mg/5ml oral solution (Special Order)
12794311000001108,Methotrexate 17.5mg/5ml oral suspension (Special Order)
12794611000001103,Methotrexate 17.5mg/5ml oral solution (Special Order)
12801911000001106,Methotrexate 4mg/5ml oral suspension (Special Order)
12802211000001109,Methotrexate 4mg/5ml oral solution (Special Order)
12798211000001106,Methotrexate 20mg/5ml oral suspension (Special Order)
12798611000001108,Methotrexate 20mg/5ml oral solution (Special Order)
12803311000001106,Methotrexate 6mg/5ml oral suspension (Special Order)
12803611000001101,Methotrexate 6mg/5ml oral solution (Special Order)
12795811000001103,Methotrexate 18mg/5ml oral suspension (Special Order)
12796111000001104,Methotrexate 18mg/5ml oral solution (Special Order)
12799711000001108,Methotrexate 22.5mg/5ml oral suspension (Special Order)
12800111000001102,Methotrexate 22.5mg/5ml oral solution (Special Order)
30595111000001100,Methotrexate 2mg/ml oral solution sugar free (Rosemont Pharmaceuticals Ltd)
30985211000001103,Methotrexate 2mg/ml oral solution sugar free (Alliance Healthcare (Distribution) Ltd)
31065011000001106,Methotrexate 2mg/ml oral solution sugar free (A A H Pharmaceuticals Ltd)
37450711000001102,Methotrexate 2mg/ml oral solution sugar free (DE Pharmaceuticals)
644711000001108,Maxtrex 2.5mg tablets (Pfizer Ltd)
322011000001106,Maxtrex 10mg tablets (Pfizer Ltd)
10672611000001103,Metoject 7.5mg/0.75ml solution for injection pre-filled syringes (medac UK)
10672611000001103,Metoject 7.5mg/0.75ml solution for injection pre-filled syringes (medac UK)
10672611000001103,Metoject 7.5mg/0.75ml solution for injection pre-filled syringes (medac UK)
10673511000001109,Metoject 20mg/2ml solution for injection pre-filled syringes (medac UK)
10673511000001109,Metoject 20mg/2ml solution for injection pre-filled syringes (medac UK)
10673511000001109,Metoject 20mg/2ml solution for injection pre-filled syringes (medac UK)
10672911000001109,Metoject 10mg/1ml solution for injection pre-filled syringes (medac UK)
10672911000001109,Metoject 10mg/1ml solution for injection pre-filled syringes (medac UK)
10672911000001109,Metoject 10mg/1ml solution for injection pre-filled syringes (medac UK)
10673211000001106,Metoject 15mg/1.5ml solution for injection pre-filled syringes (medac UK)
10673211000001106,Metoject 15mg/1.5ml solution for injection pre-filled syringes (medac UK)
10673211000001106,Metoject 15mg/1.5ml solution for injection pre-filled syringes (medac UK)
10674011000001104,Metoject 25mg/2.5ml solution for injection pre-filled syringes (medac UK)
10674011000001104,Metoject 25mg/2.5ml solution for injection pre-filled syringes (medac UK)
10674011000001104,Metoject 25mg/2.5ml solution for injection pre-filled syringes (medac UK)
15513111000001105,Metoject 7.5mg/0.15ml solution for injection pre-filled syringes (medac UK)
15513111000001105,Metoject 7.5mg/0.15ml solution for injection pre-filled syringes (medac UK)
15513111000001105,Metoject 7.5mg/0.15ml solution for injection pre-filled syringes (medac UK)
15513411000001100,Metoject 10mg/0.2ml solution for injection pre-filled syringes (medac UK)
15513411000001100,Metoject 10mg/0.2ml solution for injection pre-filled syringes (medac UK)
15513411000001100,Metoject 10mg/0.2ml solution for injection pre-filled syringes (medac UK)
15513711000001106,Metoject 15mg/0.3ml solution for injection pre-filled syringes (medac UK)
15513711000001106,Metoject 15mg/0.3ml solution for injection pre-filled syringes (medac UK)
15513711000001106,Metoject 15mg/0.3ml solution for injection pre-filled syringes (medac UK)
15514311000001109,Metoject 20mg/0.4ml solution for injection pre-filled syringes (medac UK)
15514311000001109,Metoject 20mg/0.4ml solution for injection pre-filled syringes (medac UK)
15514311000001109,Metoject 20mg/0.4ml solution for injection pre-filled syringes (medac UK)
15514011000001106,Metoject 25mg/0.5ml solution for injection pre-filled syringes (medac UK)
15514011000001106,Metoject 25mg/0.5ml solution for injection pre-filled syringes (medac UK)
15514011000001106,Metoject 25mg/0.5ml solution for injection pre-filled syringes (medac UK)
18208411000001106,Metoject 30mg/0.6ml solution for injection pre-filled syringes (medac UK)
18208411000001106,Metoject 30mg/0.6ml solution for injection pre-filled syringes (medac UK)
18208411000001106,Metoject 30mg/0.6ml solution for injection pre-filled syringes (medac UK)
19224611000001108,Metoject 12.5mg/0.25ml solution for injection pre-filled syringes (medac UK)
19224611000001108,Metoject 12.5mg/0.25ml solution for injection pre-filled syringes (medac UK)
19224611000001108,Metoject 12.5mg/0.25ml solution for injection pre-filled syringes (medac UK)
19225111000001101,Metoject 17.5mg/0.35ml solution for injection pre-filled syringes (medac UK)
19225111000001101,Metoject 17.5mg/0.35ml solution for injection pre-filled syringes (medac UK)
19225111000001101,Metoject 17.5mg/0.35ml solution for injection pre-filled syringes (medac UK)
19225411000001106,Metoject 22.5mg/0.45ml solution for injection pre-filled syringes (medac UK)
19225411000001106,Metoject 22.5mg/0.45ml solution for injection pre-filled syringes (medac UK)
19225411000001106,Metoject 22.5mg/0.45ml solution for injection pre-filled syringes (medac UK)
19225811000001108,Metoject 27.5mg/0.55ml solution for injection pre-filled syringes (medac UK)
19225811000001108,Metoject 27.5mg/0.55ml solution for injection pre-filled syringes (medac UK)
19225811000001108,Metoject 27.5mg/0.55ml solution for injection pre-filled syringes (medac UK)
24591111000001100,Metoject PEN 17.5mg/0.35ml solution for injection pre-filled pens (medac UK)
24590811000001104,Metoject PEN 20mg/0.4ml solution for injection pre-filled pens (medac UK)
24590411000001101,Metoject PEN 22.5mg/0.45ml solution for injection pre-filled pens (medac UK)
24588411000001102,Metoject PEN 7.5mg/0.15ml solution for injection pre-filled pens (medac UK)
24589011000001101,Metoject PEN 27.5mg/0.55ml solution for injection pre-filled pens (medac UK)
24588711000001108,Metoject PEN 30mg/0.6ml solution for injection pre-filled pens (medac UK)
24589311000001103,Metoject PEN 25mg/0.5ml solution for injection pre-filled pens (medac UK)
24589611000001108,Metoject PEN 15mg/0.3ml solution for injection pre-filled pens (medac UK)
24589911000001102,Metoject PEN 12.5mg/0.25ml solution for injection pre-filled pens (medac UK)
24590211000001100,Metoject PEN 10mg/0.2ml solution for injection pre-filled pens (medac UK)
19953911000001102,Ebetrex 7.5mg/0.75ml solution for injection pre-filled syringes (Sandoz Ltd)
19953911000001102,Ebetrex 7.5mg/0.75ml solution for injection pre-filled syringes (Sandoz Ltd)
19953911000001102,Ebetrex 7.5mg/0.75ml solution for injection pre-filled syringes (Sandoz Ltd)
19954111000001103,Ebetrex 10mg/1ml solution for injection pre-filled syringes (Sandoz Ltd)
19954111000001103,Ebetrex 10mg/1ml solution for injection pre-filled syringes (Sandoz Ltd)
19954111000001103,Ebetrex 10mg/1ml solution for injection pre-filled syringes (Sandoz Ltd)
19954411000001108,Ebetrex 15mg/1.5ml solution for injection pre-filled syringes (Sandoz Ltd)
19954411000001108,Ebetrex 15mg/1.5ml solution for injection pre-filled syringes (Sandoz Ltd)
19954411000001108,Ebetrex 15mg/1.5ml solution for injection pre-filled syringes (Sandoz Ltd)
19955711000001103,Ebetrex 25mg/1.25ml solution for injection pre-filled syringes (Sandoz Ltd)
19955711000001103,Ebetrex 25mg/1.25ml solution for injection pre-filled syringes (Sandoz Ltd)
19955711000001103,Ebetrex 25mg/1.25ml solution for injection pre-filled syringes (Sandoz Ltd)
19972411000001103,Ebetrex 30mg/1.5ml solution for injection pre-filled syringes (Sandoz Ltd)
19972411000001103,Ebetrex 30mg/1.5ml solution for injection pre-filled syringes (Sandoz Ltd)
19972411000001103,Ebetrex 30mg/1.5ml solution for injection pre-filled syringes (Sandoz Ltd)
19956011000001109,Ebetrex 20mg/1ml solution for injection pre-filled syringes (Sandoz Ltd)
19956011000001109,Ebetrex 20mg/1ml solution for injection pre-filled syringes (Sandoz Ltd)
19956011000001109,Ebetrex 20mg/1ml solution for injection pre-filled syringes (Sandoz Ltd)
34776411000001105,Methofill 7.5mg/0.15ml solution for injection pre-filled injector (Accord Healthcare Ltd)
34776911000001102,Methofill 10mg/0.2ml solution for injection pre-filled injector (Accord Healthcare Ltd)
34777311000001100,Methofill 12.5mg/0.25ml solution for injection pre-filled injector (Accord Healthcare Ltd)
34777111000001102,Methofill 15mg/0.3ml solution for injection pre-filled injector (Accord Healthcare Ltd)
34777611000001105,Methofill 17.5mg/0.35ml solution for injection pre-filled injector (Accord Healthcare Ltd)
34777811000001109,Methofill 20mg/0.4ml solution for injection pre-filled injector (Accord Healthcare Ltd)
34778011000001102,Methofill 22.5mg/0.45ml solution for injection pre-filled injector (Accord Healthcare Ltd)
34778211000001107,Methofill 25mg/0.5ml solution for injection pre-filled injector (Accord Healthcare Ltd)
34778411000001106,Methofill 27.5mg/0.55ml solution for injection pre-filled injector (Accord Healthcare Ltd)
34778611000001109,Methofill 30mg/0.6ml solution for injection pre-filled injector (Accord Healthcare Ltd)
37571111000001101,Methofill 7.5mg/0.15ml solution for injection pre-filled syringes (Accord Healthcare Ltd)
37571111000001101,Methofill 7.5mg/0.15ml solution for injection pre-filled syringes (Accord Healthcare Ltd)
37571111000001101,Methofill 7.5mg/0.15ml solution for injection pre-filled syringes (Accord Healthcare Ltd)
37571311000001104,Methofill 10mg/0.2ml solution for injection pre-filled syringes (Accord Healthcare Ltd)
37571311000001104,Methofill 10mg/0.2ml solution for injection pre-filled syringes (Accord Healthcare Ltd)
37571311000001104,Methofill 10mg/0.2ml solution for injection pre-filled syringes (Accord Healthcare Ltd)
37571711000001100,Methofill 15mg/0.3ml solution for injection pre-filled syringes (Accord Healthcare Ltd)
37571711000001100,Methofill 15mg/0.3ml solution for injection pre-filled syringes (Accord Healthcare Ltd)
37571711000001100,Methofill 15mg/0.3ml solution for injection pre-filled syringes (Accord Healthcare Ltd)
37571911000001103,Methofill 17.5mg/0.35ml solution for injection pre-filled syringes (Accord Healthcare Ltd)
37571911000001103,Methofill 17.5mg/0.35ml solution for injection pre-filled syringes (Accord Healthcare Ltd)
37571911000001103,Methofill 17.5mg/0.35ml solution for injection pre-filled syringes (Accord Healthcare Ltd)
37572311000001108,Methofill 20mg/0.4ml solution for injection pre-filled syringes (Accord Healthcare Ltd)
37572311000001108,Methofill 20mg/0.4ml solution for injection pre-filled syringes (Accord Healthcare Ltd)
37572311000001108,Methofill 20mg/0.4ml solution for injection pre-filled syringes (Accord Healthcare Ltd)
37572511000001102,Methofill 22.5mg/0.45ml solution for injection pre-filled syringes (Accord Healthcare Ltd)
37572511000001102,Methofill 22.5mg/0.45ml solution for injection pre-filled syringes (Accord Healthcare Ltd)
37572511000001102,Methofill 22.5mg/0.45ml solution for injection pre-filled syringes (Accord Healthcare Ltd)
37572711000001107,Methofill 25mg/0.5ml solution for injection pre-filled syringes (Accord Healthcare Ltd)
37572711000001107,Methofill 25mg/0.5ml solution for injection pre-filled syringes (Accord Healthcare Ltd)
37572711000001107,Methofill 25mg/0.5ml solution for injection pre-filled syringes (Accord Healthcare Ltd)
37572911000001109,Methofill 27.5mg/0.55ml solution for injection pre-filled syringes (Accord Healthcare Ltd)
37572911000001109,Methofill 27.5mg/0.55ml solution for injection pre-filled syringes (Accord Healthcare Ltd)
37572911000001109,Methofill 27.5mg/0.55ml solution for injection pre-filled syringes (Accord Healthcare Ltd)
37573111000001100,Methofill 30mg/0.6ml solution for injection pre-filled syringes (Accord Healthcare Ltd)
37573111000001100,Methofill 30mg/0.6ml solution for injection pre-filled syringes (Accord Healthcare Ltd)
37573111000001100,Methofill 30mg/0.6ml solution for injection pre-filled syringes (Accord Healthcare Ltd)
37571511000001105,Methofill 12.5mg/0.25ml solution for injection pre-filled syringes (Accord Healthcare Ltd)
37571511000001105,Methofill 12.5mg/0.25ml solution for injection pre-filled syringes (Accord Healthcare Ltd)
37571511000001105,Methofill 12.5mg/0.25ml solution for injection pre-filled syringes (Accord Healthcare Ltd)
34871011000001105,Jylamvo 2mg/ml oral solution (Intrapharm Laboratories Ltd)
317431008,Sulfasalazine 500mg tablets
330040008,Sulfasalazine 500mg gastro-resistant tablets
317432001,Sulfasalazine 500mg suppositories
317433006,Sulfasalazine 3g/100ml retention enema
317430009,Sulfasalazine 250mg/5ml oral suspension
13395911000001101,Sulfasalazine 500mg/5ml oral suspension
13395711000001103,Sulfasalazine 125mg/5ml oral suspension
13395811000001106,Sulfasalazine 200mg/5ml oral suspension
13395611000001107,Sulfasalazine 100mg/5ml oral suspension
16247411000001106,Sulfasalazine 250mg/5ml oral suspension sugar free
326873001,Mercaptopurine 50mg tablets
18430611000001102,Mercaptopurine 10mg tablets
12701611000001102,Mercaptopurine 5mg/5ml oral suspension
12701511000001101,Mercaptopurine 50mg/5ml oral suspension
8796611000001103,Mercaptopurine 10mg capsules
8663711000001106,Mercaptopurine 25mg/5ml oral suspension
12701711000001106,Mercaptopurine 75mg/5ml oral suspension
20556311000001100,Mercaptopurine 25mg tablets
20921111000001100,Mercaptopurine 45mg/5ml oral suspension
22154611000001102,Mercaptopurine 25mg capsules
28366311000001107,Mercaptopurine 30mg capsules
28415311000001105,Mercaptopurine 75mg tablets
31535311000001101,Mercaptopurine 75mg capsules
8663611000001102,Mercaptopurine 20mg/ml oral suspension
36595711000001109,Mercaptopurine 20mg capsules
36979111000001107,Mercaptopurine 12.5mg capsules
36033611000001107,Methotrexate 5mg/2ml solution for injection vials
36033611000001107,Methotrexate 5mg/2ml solution for injection vials
36033611000001107,Methotrexate 5mg/2ml solution for injection vials
36033611000001107,Methotrexate 5mg/2ml solution for injection vials
36033211000001105,Methotrexate 500mg/20ml solution for injection vials
36033211000001105,Methotrexate 500mg/20ml solution for injection vials
36033211000001105,Methotrexate 500mg/20ml solution for injection vials
36033211000001105,Methotrexate 500mg/20ml solution for injection vials
36033311000001102,Methotrexate 50mg/2ml solution for injection vials
36033311000001102,Methotrexate 50mg/2ml solution for injection vials
36033311000001102,Methotrexate 50mg/2ml solution for injection vials
36033311000001102,Methotrexate 50mg/2ml solution for injection vials
36033311000001102,Methotrexate 50mg/2ml solution for injection vials
36033311000001102,Methotrexate 50mg/2ml solution for injection vials
36033111000001104,Methotrexate 200mg/8ml solution for injection vials
36033111000001104,Methotrexate 200mg/8ml solution for injection vials
36033111000001104,Methotrexate 200mg/8ml solution for injection vials
36033111000001104,Methotrexate 200mg/8ml solution for injection vials
9469411000001104,Methotrexate 5mg/0.2ml solution for injection pre-filled syringes
9469411000001104,Methotrexate 5mg/0.2ml solution for injection pre-filled syringes
9469411000001104,Methotrexate 5mg/0.2ml solution for injection pre-filled syringes
9469411000001104,Methotrexate 5mg/0.2ml solution for injection pre-filled syringes
9469011000001108,Methotrexate 30mg/1.2ml solution for injection pre-filled syringes
9469011000001108,Methotrexate 30mg/1.2ml solution for injection pre-filled syringes
9469011000001108,Methotrexate 30mg/1.2ml solution for injection pre-filled syringes
9469011000001108,Methotrexate 30mg/1.2ml solution for injection pre-filled syringes
36032911000001108,Methotrexate 1g/10ml solution for injection vials
36032911000001108,Methotrexate 1g/10ml solution for injection vials
36032911000001108,Methotrexate 1g/10ml solution for injection vials
36033511000001108,Methotrexate 5g/50ml solution for infusion vials
36033511000001108,Methotrexate 5g/50ml solution for infusion vials
36033511000001108,Methotrexate 5g/50ml solution for infusion vials
36033011000001100,Methotrexate 1g/40ml solution for injection vials
36033011000001100,Methotrexate 1g/40ml solution for injection vials
36033011000001100,Methotrexate 1g/40ml solution for injection vials
36033011000001100,Methotrexate 1g/40ml solution for injection vials
36033411000001109,Methotrexate 5g/200ml solution for infusion vials
36033411000001109,Methotrexate 5g/200ml solution for infusion vials
36033411000001109,Methotrexate 5g/200ml solution for infusion vials
9469211000001103,Methotrexate 35mg/1.4ml solution for injection pre-filled syringes
9469211000001103,Methotrexate 35mg/1.4ml solution for injection pre-filled syringes
9469211000001103,Methotrexate 35mg/1.4ml solution for injection pre-filled syringes
9469211000001103,Methotrexate 35mg/1.4ml solution for injection pre-filled syringes
9468911000001104,Methotrexate 27.5mg/1.1ml solution for injection pre-filled syringes
9468911000001104,Methotrexate 27.5mg/1.1ml solution for injection pre-filled syringes
9468911000001104,Methotrexate 27.5mg/1.1ml solution for injection pre-filled syringes
9468911000001104,Methotrexate 27.5mg/1.1ml solution for injection pre-filled syringes
9469311000001106,Methotrexate 50mg/2ml solution for injection pre-filled syringes
9469311000001106,Methotrexate 50mg/2ml solution for injection pre-filled syringes
9469311000001106,Methotrexate 50mg/2ml solution for injection pre-filled syringes
9469311000001106,Methotrexate 50mg/2ml solution for injection pre-filled syringes
9469111000001109,Methotrexate 32.5mg/1.3ml solution for injection pre-filled syringes
9469111000001109,Methotrexate 32.5mg/1.3ml solution for injection pre-filled syringes
9469111000001109,Methotrexate 32.5mg/1.3ml solution for injection pre-filled syringes
9469111000001109,Methotrexate 32.5mg/1.3ml solution for injection pre-filled syringes
14967911000001103,Methotrexate 25mg/3ml solution for injection pre-filled syringes
14967911000001103,Methotrexate 25mg/3ml solution for injection pre-filled syringes
14967911000001103,Methotrexate 25mg/3ml solution for injection pre-filled syringes
9468611000001105,Methotrexate 20mg/0.8ml solution for injection pre-filled syringes
9468611000001105,Methotrexate 20mg/0.8ml solution for injection pre-filled syringes
9468711000001101,Methotrexate 22.5mg/0.9ml solution for injection pre-filled syringes
9468711000001101,Methotrexate 22.5mg/0.9ml solution for injection pre-filled syringes
9468811000001109,Methotrexate 25mg/1ml solution for injection pre-filled syringes
9468811000001109,Methotrexate 25mg/1ml solution for injection pre-filled syringes
9468211000001108,Methotrexate 10mg/0.4ml solution for injection pre-filled syringes
9468211000001108,Methotrexate 10mg/0.4ml solution for injection pre-filled syringes
9469511000001100,Methotrexate 7.5mg/0.3ml solution for injection pre-filled syringes
9469511000001100,Methotrexate 7.5mg/0.3ml solution for injection pre-filled syringes
9468311000001100,Methotrexate 12.5mg/0.5ml solution for injection pre-filled syringes
9468311000001100,Methotrexate 12.5mg/0.5ml solution for injection pre-filled syringes
9468411000001107,Methotrexate 15mg/0.6ml solution for injection pre-filled syringes
9468411000001107,Methotrexate 15mg/0.6ml solution for injection pre-filled syringes
9468511000001106,Methotrexate 17.5mg/0.7ml solution for injection pre-filled syringes
9468511000001106,Methotrexate 17.5mg/0.7ml solution for injection pre-filled syringes
34168411000001106,Methotrexate 7.5mg/0.3ml solution for injection pre-filled disposable devices
34167711000001101,Methotrexate 10mg/0.4ml solution for injection pre-filled disposable devices
34167811000001109,Methotrexate 12.5mg/0.5ml solution for injection pre-filled disposable devices
34167911000001104,Methotrexate 15mg/0.6ml solution for injection pre-filled disposable devices
34168011000001102,Methotrexate 17.5mg/0.7ml solution for injection pre-filled disposable devices
34168111000001101,Methotrexate 20mg/0.8ml solution for injection pre-filled disposable devices
34168211000001107,Methotrexate 22.5mg/0.9ml solution for injection pre-filled disposable devices
34168311000001104,Methotrexate 25mg/1ml solution for injection pre-filled disposable devices
327072003,Azathioprine 50mg powder for solution for injection vials
327071005,Azathioprine 25mg tablets
327070006,Azathioprine 50mg tablets
8791311000001100,Azathioprine 10mg capsules
8308511000001103,Azathioprine 50mg/5ml oral solution
8308611000001104,Azathioprine 40mg/5ml oral suspension
8308711000001108,Azathioprine 40mg/5ml oral solution
8282111000001104,Azathioprine 10mg/5ml oral solution
8282211000001105,Azathioprine 10mg/5ml oral suspension
8284011000001106,Azathioprine 25mg/5ml oral solution
8307811000001104,Azathioprine 75mg/5ml oral suspension
8307911000001109,Azathioprine 75mg/5ml oral solution
8283111000001105,Azathioprine 15mg/5ml oral solution
8283211000001104,Azathioprine 15mg/5ml oral suspension
8281911000001107,Azathioprine 100mg/5ml oral solution
8283811000001103,Azathioprine 20mg/5ml oral solution
12080411000001105,Azathioprine 125mg/5ml oral solution
12080511000001109,Azathioprine 125mg/5ml oral suspension
8308211000001101,Azathioprine 5mg/5ml oral suspension
8308311000001109,Azathioprine 5mg/5ml oral solution
12211911000001100,Azathioprine 45mg/5ml oral suspension
12221811000001102,Azathioprine 45mg/5ml oral solution
12222311000001102,Azathioprine 7mg/5ml oral solution
12222411000001109,Azathioprine 7mg/5ml oral suspension
8284211000001101,Azathioprine 30mg/5ml oral solution
8308811000001100,Azathioprine 30mg/5ml oral suspension
8283311000001107,Azathioprine 17.5mg/5ml oral solution
8283411000001100,Azathioprine 17.5mg/5ml oral suspension
12097211000001109,Azathioprine 35mg/5ml oral solution
12097311000001101,Azathioprine 35mg/5ml oral suspension
12211711000001102,Azathioprine 37.5mg/5ml oral solution
12211811000001105,Azathioprine 37.5mg/5ml oral suspension
8308011000001106,Azathioprine 60mg/5ml oral suspension
8308111000001107,Azathioprine 60mg/5ml oral solution
12097011000001104,Azathioprine 200mg/5ml oral solution
12097111000001103,Azathioprine 200mg/5ml oral suspension
12080611000001108,Azathioprine 175mg/5ml oral solution
12080711000001104,Azathioprine 175mg/5ml oral suspension
12096811000001108,Azathioprine 17mg/5ml oral solution
12096911000001103,Azathioprine 17mg/5ml oral suspension
8791511000001106,Azathioprine 5mg capsules
8791411000001107,Azathioprine 30mg capsules
8282511000001108,Azathioprine 12mg/5ml oral solution
8282611000001107,Azathioprine 12mg/5ml oral suspension
12221911000001107,Azathioprine 4mg/5ml oral solution
12222011000001100,Azathioprine 4mg/5ml oral suspension
8282311000001102,Azathioprine 120mg/5ml oral solution
8282411000001109,Azathioprine 120mg/5ml oral suspension
8282911000001101,Azathioprine 150mg/5ml oral solution
8283011000001109,Azathioprine 150mg/5ml oral suspension
12222111000001104,Azathioprine 70mg/5ml oral solution
12222211000001105,Azathioprine 70mg/5ml oral suspension
8283511000001101,Azathioprine 2.5mg/5ml oral solution
8283611000001102,Azathioprine 2.5mg/5ml oral suspension
12222511000001108,Azathioprine 80mg/5ml oral solution
12222611000001107,Azathioprine 80mg/5ml oral suspension
8307511000001102,Azathioprine 90mg/5ml oral suspension
8307711000001107,Azathioprine 90mg/5ml oral solution
8282711000001103,Azathioprine 13mg/5ml oral solution
8282811000001106,Azathioprine 13mg/5ml oral suspension
16035911000001102,Azathioprine 250mg/5ml oral solution
16036011000001105,Azathioprine 250mg/5ml oral suspension
8308411000001102,Azathioprine 50mg/5ml oral suspension
8284111000001107,Azathioprine 25mg/5ml oral suspension
8282011000001100,Azathioprine 100mg/5ml oral suspension
8283911000001108,Azathioprine 20mg/5ml oral suspension
31002111000001104,Azathioprine 65mg/5ml oral suspension
327104000,Mycophenolate mofetil 250mg capsules
327106003,Mycophenolate mofetil 500mg tablets
13000511000001100,Mycophenolate mofetil 250mg/5ml oral suspension
13000611000001101,Mycophenolate mofetil 300mg/5ml oral suspension
13000711000001105,Mycophenolate mofetil 500mg/5ml oral suspension
13000311000001106,Mycophenolate mofetil 100mg/5ml oral suspension
327109005,Mycophenolate mofetil 500mg powder for solution for infusion vials
13000411000001104,Mycophenolate mofetil 125mg/5ml oral suspension
4897811000001103,Mycophenolate mofetil 1g/5ml oral suspension sugar free
4897811000001103,Mycophenolate mofetil 1g/5ml oral suspension sugar free
36140311000001101,Ciclosporin 50mg/1ml solution for infusion ampoules
327082002,Ciclosporin 25mg capsules
327083007,Ciclosporin 100mg capsules
36139511000001103,Ciclosporin 250mg/5ml solution for infusion ampoules
327085000,Ciclosporin 50mg capsules
36139311000001109,Ciclosporin 100mg/ml oral solution sugar free
327090002,Ciclosporin 10mg capsules
330026007,Penicillamine 125mg tablets
330027003,Penicillamine 250mg tablets
13005111000001101,Penicillamine 250mg/5ml oral solution
13005011000001102,Penicillamine 125mg/5ml oral solution
13005211000001107,Penicillamine 50mg/5ml oral solution
33596211000001104,Penicillamine 250mg/5ml oral suspension
37281111000001101,Penicillamine gastro-resistant 150mg tablets
37281511000001105,Penicillamine gastro-resistant 300mg tablets
35924511000001100,Sodium aurothiomalate 10mg/0.5ml solution for injection ampoules
35924611000001101,Sodium aurothiomalate 20mg/0.5ml solution for injection ampoules
35924711000001105,Sodium aurothiomalate 50mg/0.5ml solution for injection ampoules
330057007,Leflunomide 10mg tablets
330058002,Leflunomide 20mg tablets
330059005,Leflunomide 100mg tablets
24408011000001101,Leflunomide 15mg tablets
12816911000001103,Methotrexate 25mg/5ml oral solution
12817011000001104,Methotrexate 25mg/5ml oral suspension
326874007,Methotrexate 2.5mg tablets
326875008,Methotrexate 10mg tablets
8665611000001103,Methotrexate 2.5mg/5ml oral solution
8665711000001107,Methotrexate 2.5mg/5ml oral suspension
8665811000001104,Methotrexate 5mg/5ml oral solution
8665911000001109,Methotrexate 5mg/5ml oral suspension
8664911000001105,Methotrexate 10mg/5ml oral solution
8665011000001105,Methotrexate 10mg/5ml oral suspension
8666011000001101,Methotrexate 7.5mg/5ml oral solution
8666111000001100,Methotrexate 7.5mg/5ml oral suspension
12817111000001103,Methotrexate 3.75mg/5ml oral solution
12817211000001109,Methotrexate 3.75mg/5ml oral suspension
8665111000001106,Methotrexate 12.5mg/5ml oral solution
8665211000001100,Methotrexate 12.5mg/5ml oral suspension
12814511000001104,Methotrexate 1mg/5ml oral solution
12814611000001100,Methotrexate 1mg/5ml oral suspension
12815611000001104,Methotrexate 7mg/5ml oral solution
12815711000001108,Methotrexate 7mg/5ml oral suspension
12815111000001107,Methotrexate 50mg/5ml oral suspension
12817511000001107,Methotrexate 50mg/5ml oral solution
12815811000001100,Methotrexate 8mg/5ml oral solution
12815911000001105,Methotrexate 8mg/5ml oral suspension
12815411000001102,Methotrexate 750micrograms/5ml oral solution
12815511000001103,Methotrexate 750micrograms/5ml oral suspension
8665311000001108,Methotrexate 15mg/5ml oral solution
8665411000001101,Methotrexate 15mg/5ml oral suspension
12813911000001109,Methotrexate 12mg/5ml oral solution
12814011000001107,Methotrexate 12mg/5ml oral suspension
12814111000001108,Methotrexate 17.5mg/5ml oral solution
12814211000001102,Methotrexate 17.5mg/5ml oral suspension
12817311000001101,Methotrexate 4mg/5ml oral solution
12817411000001108,Methotrexate 4mg/5ml oral suspension
12814711000001109,Methotrexate 20mg/5ml oral solution
12814811000001101,Methotrexate 20mg/5ml oral suspension
12815211000001101,Methotrexate 6mg/5ml oral solution
12815311000001109,Methotrexate 6mg/5ml oral suspension
12814311000001105,Methotrexate 18mg/5ml oral solution
12814411000001103,Methotrexate 18mg/5ml oral suspension
12814911000001106,Methotrexate 22.5mg/5ml oral solution
12815011000001106,Methotrexate 22.5mg/5ml oral suspension
10676011000001109,Methotrexate 7.5mg/0.75ml solution for injection pre-filled syringes
10676011000001109,Methotrexate 7.5mg/0.75ml solution for injection pre-filled syringes
10676011000001109,Methotrexate 7.5mg/0.75ml solution for injection pre-filled syringes
10675811000001106,Methotrexate 20mg/2ml solution for injection pre-filled syringes
10675811000001106,Methotrexate 20mg/2ml solution for injection pre-filled syringes
10675811000001106,Methotrexate 20mg/2ml solution for injection pre-filled syringes
10675611000001107,Methotrexate 10mg/1ml solution for injection pre-filled syringes
10675611000001107,Methotrexate 10mg/1ml solution for injection pre-filled syringes
10675611000001107,Methotrexate 10mg/1ml solution for injection pre-filled syringes
10675711000001103,Methotrexate 15mg/1.5ml solution for injection pre-filled syringes
10675711000001103,Methotrexate 15mg/1.5ml solution for injection pre-filled syringes
10675711000001103,Methotrexate 15mg/1.5ml solution for injection pre-filled syringes
10675911000001101,Methotrexate 25mg/2.5ml solution for injection pre-filled syringes
10675911000001101,Methotrexate 25mg/2.5ml solution for injection pre-filled syringes
10675911000001101,Methotrexate 25mg/2.5ml solution for injection pre-filled syringes
15518311000001104,Methotrexate 7.5mg/0.15ml solution for injection pre-filled syringes
15518311000001104,Methotrexate 7.5mg/0.15ml solution for injection pre-filled syringes
15518311000001104,Methotrexate 7.5mg/0.15ml solution for injection pre-filled syringes
15517911000001104,Methotrexate 10mg/0.2ml solution for injection pre-filled syringes
15517911000001104,Methotrexate 10mg/0.2ml solution for injection pre-filled syringes
15517911000001104,Methotrexate 10mg/0.2ml solution for injection pre-filled syringes
15518011000001102,Methotrexate 15mg/0.3ml solution for injection pre-filled syringes
15518011000001102,Methotrexate 15mg/0.3ml solution for injection pre-filled syringes
15518011000001102,Methotrexate 15mg/0.3ml solution for injection pre-filled syringes
15518111000001101,Methotrexate 20mg/0.4ml solution for injection pre-filled syringes
15518111000001101,Methotrexate 20mg/0.4ml solution for injection pre-filled syringes
15518111000001101,Methotrexate 20mg/0.4ml solution for injection pre-filled syringes
15518211000001107,Methotrexate 25mg/0.5ml solution for injection pre-filled syringes
15518211000001107,Methotrexate 25mg/0.5ml solution for injection pre-filled syringes
15518211000001107,Methotrexate 25mg/0.5ml solution for injection pre-filled syringes
18245711000001104,Methotrexate 30mg/0.6ml solution for injection pre-filled syringes
18245711000001104,Methotrexate 30mg/0.6ml solution for injection pre-filled syringes
18245711000001104,Methotrexate 30mg/0.6ml solution for injection pre-filled syringes
19231311000001104,Methotrexate 12.5mg/0.25ml solution for injection pre-filled syringes
19231311000001104,Methotrexate 12.5mg/0.25ml solution for injection pre-filled syringes
19231311000001104,Methotrexate 12.5mg/0.25ml solution for injection pre-filled syringes
19231411000001106,Methotrexate 17.5mg/0.35ml solution for injection pre-filled syringes
19231411000001106,Methotrexate 17.5mg/0.35ml solution for injection pre-filled syringes
19231411000001106,Methotrexate 17.5mg/0.35ml solution for injection pre-filled syringes
19231511000001105,Methotrexate 22.5mg/0.45ml solution for injection pre-filled syringes
19231511000001105,Methotrexate 22.5mg/0.45ml solution for injection pre-filled syringes
19231511000001105,Methotrexate 22.5mg/0.45ml solution for injection pre-filled syringes
19231611000001109,Methotrexate 27.5mg/0.55ml solution for injection pre-filled syringes
19231611000001109,Methotrexate 27.5mg/0.55ml solution for injection pre-filled syringes
19231611000001109,Methotrexate 27.5mg/0.55ml solution for injection pre-filled syringes
19976111000001107,Methotrexate 25mg/1.25ml solution for injection pre-filled syringes
19976111000001107,Methotrexate 25mg/1.25ml solution for injection pre-filled syringes
19976111000001107,Methotrexate 25mg/1.25ml solution for injection pre-filled syringes
19976211000001101,Methotrexate 30mg/1.5ml solution for injection pre-filled syringes
19976211000001101,Methotrexate 30mg/1.5ml solution for injection pre-filled syringes
19976211000001101,Methotrexate 30mg/1.5ml solution for injection pre-filled syringes
19976011000001106,Methotrexate 20mg/1ml solution for injection pre-filled syringes
19976011000001106,Methotrexate 20mg/1ml solution for injection pre-filled syringes
19976011000001106,Methotrexate 20mg/1ml solution for injection pre-filled syringes
24594611000001105,Methotrexate 17.5mg/0.35ml solution for injection pre-filled disposable devices
24594711000001101,Methotrexate 20mg/0.4ml solution for injection pre-filled disposable devices
24594811000001109,Methotrexate 22.5mg/0.45ml solution for injection pre-filled disposable devices
24595211000001109,Methotrexate 7.5mg/0.15ml solution for injection pre-filled disposable devices
24595011000001104,Methotrexate 27.5mg/0.55ml solution for injection pre-filled disposable devices
24595111000001103,Methotrexate 30mg/0.6ml solution for injection pre-filled disposable devices
24594911000001104,Methotrexate 25mg/0.5ml solution for injection pre-filled disposable devices
24594511000001106,Methotrexate 15mg/0.3ml solution for injection pre-filled disposable devices
24594411000001107,Methotrexate 12.5mg/0.25ml solution for injection pre-filled disposable devices
24594311000001100,Methotrexate 10mg/0.2ml solution for injection pre-filled disposable devices
30799911000001104,Methotrexate 2mg/ml oral solution sugar free
